{
 "params": {
  "optimizer": "sgd",
  "base_lr": 0.07904760606524287,
  "pretrained": true,
  "use_ema": true,
  "mixup": 0.4767714712257203,
  "brightness": 0.49502733515153663,
  "contrast": 0.2138762508576407,
  "saturation": 0.446493977499287,
  "h_flip": 0.4226755338103193
 },
 "value": 0.9973489046096802,
 "finished_trials": 60,
 "pruned_trials": 46,
 "completed_trials": 14
}